domain,Workpackage,treatment,time,Final_Taxonomy,tpm
Prokaryotes,WP2,C,0h,Actinobacteriota,13391.866445554577
Prokaryotes,WP2,C,0h,Alphaproteobacteria,36835.06780658464
Prokaryotes,WP2,C,0h,Archaea,27489.319134048692
Prokaryotes,WP2,C,0h,Bacteroidota,40808.51301703242
Prokaryotes,WP2,C,0h,Beggiatoales,137.5768463800416
Prokaryotes,WP2,C,0h,Burkholderiales,25116.811368975057
Prokaryotes,WP2,C,0h,Cyanobacteria,47231.84297467479
Prokaryotes,WP2,C,0h,Enterobacterales,61247.95799624546
Prokaryotes,WP2,C,0h,Firmicutes,13476.348752537822
Prokaryotes,WP2,C,0h,Flavobacteriales,144637.83727125992
Prokaryotes,WP2,C,0h,Gammaproteobacteria,14238.549422666729
Prokaryotes,WP2,C,0h,Other prokaryotes,77175.43085894315
Prokaryotes,WP2,C,0h,Planctomycetota,48742.494832585246
Prokaryotes,WP2,C,0h,Pseudomonadales,181158.02141468725
Prokaryotes,WP2,C,0h,Puniceispirillales,16237.514762745996
Prokaryotes,WP2,C,0h,Rhizobiales,7243.984144808371
Prokaryotes,WP2,C,0h,Rhodobacterales,243152.38736595568
Prokaryotes,WP2,C,0h,SAR86,35327.179343388714
Prokaryotes,WP2,C,72h,Actinobacteriota,15284.357025858953
Prokaryotes,WP2,C,72h,Alphaproteobacteria,35175.101707080285
Prokaryotes,WP2,C,72h,Archaea,22259.155399985808
Prokaryotes,WP2,C,72h,Bacteroidota,79988.27212653054
Prokaryotes,WP2,C,72h,Beggiatoales,1031.9615386510459
Prokaryotes,WP2,C,72h,Burkholderiales,22571.683877948082
Prokaryotes,WP2,C,72h,Cyanobacteria,39605.54856152595
Prokaryotes,WP2,C,72h,Enterobacterales,53705.71182279085
Prokaryotes,WP2,C,72h,Firmicutes,17049.205822830016
Prokaryotes,WP2,C,72h,Flavobacteriales,150091.11157212325
Prokaryotes,WP2,C,72h,Gammaproteobacteria,13392.315448217985
Prokaryotes,WP2,C,72h,Other prokaryotes,97704.42103085472
Prokaryotes,WP2,C,72h,Planctomycetota,168508.81497023322
Prokaryotes,WP2,C,72h,Pseudomonadales,187968.98371951346
Prokaryotes,WP2,C,72h,Puniceispirillales,19683.418843106876
Prokaryotes,WP2,C,72h,Rhizobiales,12556.548146979116
Prokaryotes,WP2,C,72h,Rhodobacterales,90021.51843552114
Prokaryotes,WP2,C,72h,SAR86,30279.350144547876
Prokaryotes,WP2,R,0h,Actinobacteriota,15818.308185443293
Prokaryotes,WP2,R,0h,Alphaproteobacteria,37080.623033360134
Prokaryotes,WP2,R,0h,Archaea,27897.973501223063
Prokaryotes,WP2,R,0h,Bacteroidota,33059.92943511721
Prokaryotes,WP2,R,0h,Beggiatoales,267.1425510622196
Prokaryotes,WP2,R,0h,Burkholderiales,36112.304053439286
Prokaryotes,WP2,R,0h,Cyanobacteria,71762.1093529726
Prokaryotes,WP2,R,0h,Enterobacterales,65400.1597572167
Prokaryotes,WP2,R,0h,Firmicutes,12172.832511550361
Prokaryotes,WP2,R,0h,Flavobacteriales,143149.37830288408
Prokaryotes,WP2,R,0h,Gammaproteobacteria,15935.226161204157
Prokaryotes,WP2,R,0h,Other prokaryotes,91237.13027836804
Prokaryotes,WP2,R,0h,Planctomycetota,53956.36659105894
Prokaryotes,WP2,R,0h,Pseudomonadales,162163.9394069038
Prokaryotes,WP2,R,0h,Puniceispirillales,14326.422880183589
Prokaryotes,WP2,R,0h,Rhizobiales,9521.715737120658
Prokaryotes,WP2,R,0h,Rhodobacterales,227727.69294308333
Prokaryotes,WP2,R,0h,SAR86,25791.367588937657
Prokaryotes,WP2,R,72h,Actinobacteriota,27570.326739777844
Prokaryotes,WP2,R,72h,Alphaproteobacteria,64141.36119427178
Prokaryotes,WP2,R,72h,Archaea,40147.67927044221
Prokaryotes,WP2,R,72h,Bacteroidota,43962.843432739384
Prokaryotes,WP2,R,72h,Beggiatoales,21625.49487153771
Prokaryotes,WP2,R,72h,Burkholderiales,22283.069421282045
Prokaryotes,WP2,R,72h,Cyanobacteria,52228.69573664809
Prokaryotes,WP2,R,72h,Enterobacterales,21974.800109858126
Prokaryotes,WP2,R,72h,Firmicutes,15643.27372542135
Prokaryotes,WP2,R,72h,Flavobacteriales,169133.2316205907
Prokaryotes,WP2,R,72h,Gammaproteobacteria,17282.747705811747
Prokaryotes,WP2,R,72h,Other prokaryotes,107742.37330109734
Prokaryotes,WP2,R,72h,Planctomycetota,134017.2643738466
Prokaryotes,WP2,R,72h,Pseudomonadales,177551.0050767844
Prokaryotes,WP2,R,72h,Puniceispirillales,21217.871771890812
Prokaryotes,WP2,R,72h,Rhizobiales,15496.545361968454
Prokaryotes,WP2,R,72h,Rhodobacterales,84933.4750626783
Prokaryotes,WP2,R,72h,SAR86,9072.603903724388
Prokaryotes,WP2,R+P,0h,Actinobacteriota,18379.240344568258
Prokaryotes,WP2,R+P,0h,Alphaproteobacteria,36073.01341325183
Prokaryotes,WP2,R+P,0h,Archaea,31848.233231334434
Prokaryotes,WP2,R+P,0h,Bacteroidota,30310.194464283588
Prokaryotes,WP2,R+P,0h,Beggiatoales,232.78221465377592
Prokaryotes,WP2,R+P,0h,Burkholderiales,28000.56944132777
Prokaryotes,WP2,R+P,0h,Cyanobacteria,53879.23534066865
Prokaryotes,WP2,R+P,0h,Enterobacterales,63431.678329973416
Prokaryotes,WP2,R+P,0h,Firmicutes,11998.690311509206
Prokaryotes,WP2,R+P,0h,Flavobacteriales,123798.51595749524
Prokaryotes,WP2,R+P,0h,Gammaproteobacteria,14871.43663336585
Prokaryotes,WP2,R+P,0h,Other prokaryotes,92273.78337958005
Prokaryotes,WP2,R+P,0h,Planctomycetota,40478.011111470754
Prokaryotes,WP2,R+P,0h,Pseudomonadales,197299.82884868528
Prokaryotes,WP2,R+P,0h,Puniceispirillales,13170.534901131436
Prokaryotes,WP2,R+P,0h,Rhizobiales,9860.056083619193
Prokaryotes,WP2,R+P,0h,Rhodobacterales,240600.15499220835
Prokaryotes,WP2,R+P,0h,SAR86,23985.99409574234
Prokaryotes,WP2,R+P,72h,Actinobacteriota,14680.845509886427
Prokaryotes,WP2,R+P,72h,Alphaproteobacteria,54756.90165487834
Prokaryotes,WP2,R+P,72h,Archaea,23967.533259978285
Prokaryotes,WP2,R+P,72h,Bacteroidota,49790.70176583477
Prokaryotes,WP2,R+P,72h,Beggiatoales,6711.507873176546
Prokaryotes,WP2,R+P,72h,Burkholderiales,19498.67368322463
Prokaryotes,WP2,R+P,72h,Cyanobacteria,44762.71941723597
Prokaryotes,WP2,R+P,72h,Enterobacterales,31411.363994495296
Prokaryotes,WP2,R+P,72h,Firmicutes,15232.120370868348
Prokaryotes,WP2,R+P,72h,Flavobacteriales,198690.19491084348
Prokaryotes,WP2,R+P,72h,Gammaproteobacteria,12226.318841889037
Prokaryotes,WP2,R+P,72h,Other prokaryotes,76118.55216676653
Prokaryotes,WP2,R+P,72h,Planctomycetota,197623.1286442849
Prokaryotes,WP2,R+P,72h,Pseudomonadales,165036.1587822841
Prokaryotes,WP2,R+P,72h,Puniceispirillales,20973.185606871426
Prokaryotes,WP2,R+P,72h,Rhizobiales,10713.556482174066
Prokaryotes,WP2,R+P,72h,Rhodobacterales,90770.31943285126
Prokaryotes,WP2,R+P,72h,SAR86,9306.758391039433
Eukaryotes,WP2,C,0h,Alexandrium,22444.59012195216
Eukaryotes,WP2,C,0h,Amoebozoa,31643.688783264064
Eukaryotes,WP2,C,0h,Bacillariophyta,1052809.4884150869
Eukaryotes,WP2,C,0h,Chaetoceros,389725.1101281147
Eukaryotes,WP2,C,0h,Chlorophyta,56407.82654395582
Eukaryotes,WP2,C,0h,Choreotrichida,136554.62386472448
Eukaryotes,WP2,C,0h,Ciliophora,35688.27966993819
Eukaryotes,WP2,C,0h,Dinoflagellata,26619.460251620534
Eukaryotes,WP2,C,0h,Dinophyceae,107145.25528384847
Eukaryotes,WP2,C,0h,Eukaryota,25493.249050891125
Eukaryotes,WP2,C,0h,Glaucophyta,12660.643866078151
Eukaryotes,WP2,C,0h,Gonyaulacales,62918.54557440213
Eukaryotes,WP2,C,0h,Gymnodiniales,57601.20531245125
Eukaryotes,WP2,C,0h,Hacrobia,109845.89412572709
Eukaryotes,WP2,C,0h,Micromonas,13973.184039456082
Eukaryotes,WP2,C,0h,Ochrophyta,188285.42148931074
Eukaryotes,WP2,C,0h,Opisthokonta,28609.80598153185
Eukaryotes,WP2,C,0h,Ostreococcus,14688.692809507607
Eukaryotes,WP2,C,0h,Peridiniales,62887.95649428424
Eukaryotes,WP2,C,0h,Pseudo-nitzschia,21771.89381253476
Eukaryotes,WP2,C,0h,Rhizaria,47657.091463681245
Eukaryotes,WP2,C,0h,Rhodophyta,6549.44728017508
Eukaryotes,WP2,C,0h,Sagenista,24908.019572022404
Eukaryotes,WP2,C,0h,Scrippsiella,9609.87446707584
Eukaryotes,WP2,C,0h,Skeletonema,18170.58765555866
Eukaryotes,WP2,C,0h,Spirotrichea,57984.23528761561
Eukaryotes,WP2,C,0h,Stramenopiles,99669.99040115555
Eukaryotes,WP2,C,0h,Suessiales,92284.00082282783
Eukaryotes,WP2,C,0h,Symbiodinium,29971.436042298374
Eukaryotes,WP2,C,0h,Syndiniales,1686.090786229061
Eukaryotes,WP2,C,0h,Thalassiosira,134777.41863811496
Eukaryotes,WP2,C,0h,Tintinnida,18956.991964564855
Eukaryotes,WP2,C,72h,Alexandrium,30210.43396107865
Eukaryotes,WP2,C,72h,Amoebozoa,107733.31492193727
Eukaryotes,WP2,C,72h,Bacillariophyta,501605.1849574129
Eukaryotes,WP2,C,72h,Chaetoceros,119698.77348007206
Eukaryotes,WP2,C,72h,Chlorophyta,105184.93605463486
Eukaryotes,WP2,C,72h,Choreotrichida,54445.61653015265
Eukaryotes,WP2,C,72h,Ciliophora,55039.24561906595
Eukaryotes,WP2,C,72h,Dinoflagellata,67316.91058121945
Eukaryotes,WP2,C,72h,Dinophyceae,248311.54920851815
Eukaryotes,WP2,C,72h,Eukaryota,60618.48560542433
Eukaryotes,WP2,C,72h,Glaucophyta,37319.590823993996
Eukaryotes,WP2,C,72h,Gonyaulacales,121238.72943325902
Eukaryotes,WP2,C,72h,Gymnodiniales,124946.5657632327
Eukaryotes,WP2,C,72h,Hacrobia,169258.9457164182
Eukaryotes,WP2,C,72h,Micromonas,5875.955131923274
Eukaryotes,WP2,C,72h,Ochrophyta,122049.26944319886
Eukaryotes,WP2,C,72h,Opisthokonta,94083.86975771595
Eukaryotes,WP2,C,72h,Ostreococcus,4215.762061149768
Eukaryotes,WP2,C,72h,Peridiniales,119646.38396356904
Eukaryotes,WP2,C,72h,Pseudo-nitzschia,8789.273667965337
Eukaryotes,WP2,C,72h,Rhizaria,86476.28414795923
Eukaryotes,WP2,C,72h,Rhodophyta,20131.062564223153
Eukaryotes,WP2,C,72h,Sagenista,46401.81222919682
Eukaryotes,WP2,C,72h,Scrippsiella,22726.628274428404
Eukaryotes,WP2,C,72h,Skeletonema,4676.903085882349
Eukaryotes,WP2,C,72h,Spirotrichea,59729.75724667791
Eukaryotes,WP2,C,72h,Stramenopiles,242345.44693137507
Eukaryotes,WP2,C,72h,Suessiales,251480.90799783973
Eukaryotes,WP2,C,72h,Symbiodinium,65224.319252250716
Eukaryotes,WP2,C,72h,Syndiniales,1755.55996704185
Eukaryotes,WP2,C,72h,Thalassiosira,24502.850089139338
Eukaryotes,WP2,C,72h,Tintinnida,16959.671532042972
Eukaryotes,WP2,R,0h,Alexandrium,19743.926821598365
Eukaryotes,WP2,R,0h,Amoebozoa,10419.344094070495
Eukaryotes,WP2,R,0h,Bacillariophyta,1417873.7939596735
Eukaryotes,WP2,R,0h,Chaetoceros,742815.703511401
Eukaryotes,WP2,R,0h,Chlorophyta,44238.793393267915
Eukaryotes,WP2,R,0h,Choreotrichida,23307.18513723758
Eukaryotes,WP2,R,0h,Ciliophora,17580.947981995978
Eukaryotes,WP2,R,0h,Dinoflagellata,7742.913681705428
Eukaryotes,WP2,R,0h,Dinophyceae,35022.11522856239
Eukaryotes,WP2,R,0h,Eukaryota,12489.315453062358
Eukaryotes,WP2,R,0h,Glaucophyta,3708.9680001803663
Eukaryotes,WP2,R,0h,Gonyaulacales,25293.35211220591
Eukaryotes,WP2,R,0h,Gymnodiniales,17258.39473835449
Eukaryotes,WP2,R,0h,Hacrobia,56801.766628866055
Eukaryotes,WP2,R,0h,Micromonas,16798.43431995225
Eukaryotes,WP2,R,0h,Ochrophyta,166344.83976411726
Eukaryotes,WP2,R,0h,Opisthokonta,8379.784761440435
Eukaryotes,WP2,R,0h,Ostreococcus,12364.980454103665
Eukaryotes,WP2,R,0h,Peridiniales,33487.5748101052
Eukaryotes,WP2,R,0h,Pseudo-nitzschia,23961.384760627338
Eukaryotes,WP2,R,0h,Rhizaria,30912.540439930402
Eukaryotes,WP2,R,0h,Rhodophyta,2980.47069415341
Eukaryotes,WP2,R,0h,Sagenista,22177.42836781327
Eukaryotes,WP2,R,0h,Scrippsiella,5131.22612136955
Eukaryotes,WP2,R,0h,Skeletonema,20662.603627082
Eukaryotes,WP2,R,0h,Spirotrichea,21635.74700405755
Eukaryotes,WP2,R,0h,Stramenopiles,27198.523860504065
Eukaryotes,WP2,R,0h,Suessiales,21582.21688815616
Eukaryotes,WP2,R,0h,Symbiodinium,8256.466823771363
Eukaryotes,WP2,R,0h,Syndiniales,920.211804416528
Eukaryotes,WP2,R,0h,Thalassiosira,133438.96855388928
Eukaryotes,WP2,R,0h,Tintinnida,9470.076202327931
Eukaryotes,WP2,R,72h,Alexandrium,12290.94817231356
Eukaryotes,WP2,R,72h,Amoebozoa,47232.119359026605
Eukaryotes,WP2,R,72h,Bacillariophyta,887826.5339523809
Eukaryotes,WP2,R,72h,Chaetoceros,534733.8921669954
Eukaryotes,WP2,R,72h,Chlorophyta,54847.98396187754
Eukaryotes,WP2,R,72h,Choreotrichida,114600.8355286135
Eukaryotes,WP2,R,72h,Ciliophora,28917.147595438364
Eukaryotes,WP2,R,72h,Dinoflagellata,26271.90306529653
Eukaryotes,WP2,R,72h,Dinophyceae,103730.24621166917
Eukaryotes,WP2,R,72h,Eukaryota,28952.665652321964
Eukaryotes,WP2,R,72h,Glaucophyta,18590.200486486614
Eukaryotes,WP2,R,72h,Gonyaulacales,45647.88973288303
Eukaryotes,WP2,R,72h,Gymnodiniales,50646.48310586487
Eukaryotes,WP2,R,72h,Hacrobia,120805.2910748667
Eukaryotes,WP2,R,72h,Micromonas,10658.626164091102
Eukaryotes,WP2,R,72h,Ochrophyta,96820.83484734455
Eukaryotes,WP2,R,72h,Opisthokonta,82833.47944966482
Eukaryotes,WP2,R,72h,Ostreococcus,3124.914672291504
Eukaryotes,WP2,R,72h,Peridiniales,56021.693479942856
Eukaryotes,WP2,R,72h,Pseudo-nitzschia,9373.667676162713
Eukaryotes,WP2,R,72h,Rhizaria,73142.841965582
Eukaryotes,WP2,R,72h,Rhodophyta,11655.08589398653
Eukaryotes,WP2,R,72h,Sagenista,26784.238776803497
Eukaryotes,WP2,R,72h,Scrippsiella,8439.81414409193
Eukaryotes,WP2,R,72h,Skeletonema,6758.3662211449055
Eukaryotes,WP2,R,72h,Spirotrichea,96123.64130255512
Eukaryotes,WP2,R,72h,Stramenopiles,74054.62854705626
Eukaryotes,WP2,R,72h,Suessiales,114730.52172660278
Eukaryotes,WP2,R,72h,Symbiodinium,34022.87446586766
Eukaryotes,WP2,R,72h,Syndiniales,1731.8104189124288
Eukaryotes,WP2,R,72h,Thalassiosira,18718.779196148564
Eukaryotes,WP2,R,72h,Tintinnida,199910.04098571598
Eukaryotes,WP2,R+P,0h,Alexandrium,14163.455796125432
Eukaryotes,WP2,R+P,0h,Amoebozoa,7683.200154939263
Eukaryotes,WP2,R+P,0h,Bacillariophyta,826392.6046487708
Eukaryotes,WP2,R+P,0h,Chaetoceros,475150.5633092028
Eukaryotes,WP2,R+P,0h,Chlorophyta,31331.708991468746
Eukaryotes,WP2,R+P,0h,Choreotrichida,24464.87034207465
Eukaryotes,WP2,R+P,0h,Ciliophora,15673.124554845886
Eukaryotes,WP2,R+P,0h,Dinoflagellata,5952.448391565623
Eukaryotes,WP2,R+P,0h,Dinophyceae,29709.33289729371
Eukaryotes,WP2,R+P,0h,Eukaryota,10576.807971954313
Eukaryotes,WP2,R+P,0h,Glaucophyta,2888.5004209871977
Eukaryotes,WP2,R+P,0h,Gonyaulacales,20801.27254515294
Eukaryotes,WP2,R+P,0h,Gymnodiniales,14422.940993102642
Eukaryotes,WP2,R+P,0h,Hacrobia,42336.31087798302
Eukaryotes,WP2,R+P,0h,Micromonas,9704.686616948227
Eukaryotes,WP2,R+P,0h,Ochrophyta,127443.16557705947
Eukaryotes,WP2,R+P,0h,Opisthokonta,5641.12944295155
Eukaryotes,WP2,R+P,0h,Ostreococcus,12525.906295924891
Eukaryotes,WP2,R+P,0h,Peridiniales,31206.00008684418
Eukaryotes,WP2,R+P,0h,Pseudo-nitzschia,18459.756488653573
Eukaryotes,WP2,R+P,0h,Rhizaria,22420.559555866555
Eukaryotes,WP2,R+P,0h,Rhodophyta,2309.5441082612306
Eukaryotes,WP2,R+P,0h,Sagenista,17802.587437266637
Eukaryotes,WP2,R+P,0h,Scrippsiella,4860.347775143992
Eukaryotes,WP2,R+P,0h,Skeletonema,20554.259100203995
Eukaryotes,WP2,R+P,0h,Spirotrichea,18444.463205525833
Eukaryotes,WP2,R+P,0h,Stramenopiles,24218.599562895368
Eukaryotes,WP2,R+P,0h,Suessiales,20035.237766147457
Eukaryotes,WP2,R+P,0h,Symbiodinium,7825.816478229695
Eukaryotes,WP2,R+P,0h,Syndiniales,772.2942606446886
Eukaryotes,WP2,R+P,0h,Thalassiosira,125685.6687261356
Eukaryotes,WP2,R+P,0h,Tintinnida,8542.835619829935
Eukaryotes,WP2,R+P,72h,Alexandrium,17956.403797144143
Eukaryotes,WP2,R+P,72h,Amoebozoa,71283.63501088409
Eukaryotes,WP2,R+P,72h,Bacillariophyta,567737.7767104106
Eukaryotes,WP2,R+P,72h,Chaetoceros,358097.5989992864
Eukaryotes,WP2,R+P,72h,Chlorophyta,105191.14511847777
Eukaryotes,WP2,R+P,72h,Choreotrichida,103897.57547943885
Eukaryotes,WP2,R+P,72h,Ciliophora,33891.70408756888
Eukaryotes,WP2,R+P,72h,Dinoflagellata,30718.40709583956
Eukaryotes,WP2,R+P,72h,Dinophyceae,166697.5336148214
Eukaryotes,WP2,R+P,72h,Eukaryota,42466.8153782662
Eukaryotes,WP2,R+P,72h,Glaucophyta,23942.719508522358
Eukaryotes,WP2,R+P,72h,Gonyaulacales,60750.52854819727
Eukaryotes,WP2,R+P,72h,Gymnodiniales,57190.879252178274
Eukaryotes,WP2,R+P,72h,Hacrobia,180775.6101402793
Eukaryotes,WP2,R+P,72h,Micromonas,9187.389195622105
Eukaryotes,WP2,R+P,72h,Ochrophyta,106408.00694403783
Eukaryotes,WP2,R+P,72h,Opisthokonta,109197.61935539515
Eukaryotes,WP2,R+P,72h,Ostreococcus,9296.381986666096
Eukaryotes,WP2,R+P,72h,Peridiniales,80308.27202769468
Eukaryotes,WP2,R+P,72h,Pseudo-nitzschia,9233.468512564486
Eukaryotes,WP2,R+P,72h,Rhizaria,114163.97294196606
Eukaryotes,WP2,R+P,72h,Rhodophyta,25139.679547726824
Eukaryotes,WP2,R+P,72h,Sagenista,48913.9327342332
Eukaryotes,WP2,R+P,72h,Scrippsiella,13531.238525219555
Eukaryotes,WP2,R+P,72h,Skeletonema,8823.855199458525
Eukaryotes,WP2,R+P,72h,Spirotrichea,82856.66712774488
Eukaryotes,WP2,R+P,72h,Stramenopiles,140445.69842934786
Eukaryotes,WP2,R+P,72h,Suessiales,158577.85519622962
Eukaryotes,WP2,R+P,72h,Symbiodinium,58890.08631051633
Eukaryotes,WP2,R+P,72h,Syndiniales,33316.096773179466
Eukaryotes,WP2,R+P,72h,Thalassiosira,23688.546908731347
Eukaryotes,WP2,R+P,72h,Tintinnida,147422.89954235093
